player,pos,team,age,draft_year,ecr_1qb,ecr_2qb,ecr_pos,value_1qb,value_2qb,scrape_date,fp_id,fantasypros_id,sleeper_id
Jonathan Taylor,RB,IND,23.3,2020.0,1.4,3.5,1.0,10160,9671,2022-04-22,19217,19217.0,6813.0
Ja'Marr Chase,WR,CIN,22.1,2021.0,3.3,6.8,1.4,9716,8949,2022-04-22,19788,19788.0,7564.0
Justin Jefferson,WR,MIN,22.9,2020.0,3.8,7.4,1.6,9603,8824,2022-04-22,19236,19236.0,6794.0
Najee Harris,RB,PIT,24.1,2021.0,4.8,9.2,2.9,9380,8459,2022-04-22,19302,19302.0,7528.0
Javonte Williams,RB,DEN,22.0,2021.0,5.8,11.0,3.8,9162,8108,2022-04-22,22739,22739.0,7588.0
D'Andre Swift,RB,DET,23.3,2020.0,8.0,13.5,4.9,8700,7646,2022-04-22,19210,19210.0,6790.0
Christian McCaffrey,RB,CAR,25.9,2017.0,8.6,13.8,4.2,8579,7592,2022-04-22,16393,16393.0,4034.0
A.J. Brown,WR,TEN,24.8,2019.0,9.8,16.2,4.2,8340,7176,2022-04-22,18218,18218.0,5859.0
CeeDee Lamb,WR,DAL,23.0,2020.0,10.9,18.1,4.9,8127,6862,2022-04-22,19202,19202.0,6786.0
Cooper Kupp,WR,LAR,28.9,2017.0,11.0,17.3,4.7,8108,6992,2022-04-22,16433,16433.0,4039.0
Kyle Pitts,TE,ATL,21.5,2021.0,11.3,18.3,1.2,8051,6830,2022-04-22,20164,20164.0,7553.0
Austin Ekeler,RB,LAC,26.9,2017.0,15.3,23.2,7.1,7329,6087,2022-04-22,16483,16483.0,4663.0
Joe Mixon,RB,CIN,25.7,2017.0,16.5,24.6,8.1,7125,5890,2022-04-22,16420,16420.0,4018.0
Davante Adams,WR,LV,29.3,2014.0,18.2,26.0,7.3,6846,5699,2022-04-22,12123,12123.0,2133.0
Deebo Samuel,WR,SF,26.3,2019.0,18.4,28.0,7.9,6814,5438,2022-04-22,18244,18244.0,5872.0
Mark Andrews,TE,BAL,25.6,2018.0,19.2,26.8,2.1,6687,5593,2022-04-22,17269,17269.0,5012.0
Dalvin Cook,RB,MIN,26.7,2017.0,19.8,28.9,8.9,6593,5324,2022-04-22,16374,16374.0,4029.0
D.K. Metcalf,WR,SEA,24.4,2019.0,22.2,31.5,9.9,6232,5008,2022-04-22,18219,18219.0,5846.0
Jaylen Waddle,WR,MIA,23.4,2021.0,22.3,31.5,10.6,6217,5008,2022-04-22,19790,19790.0,7526.0
Tee Higgins,WR,CIN,23.2,2020.0,22.5,32.2,9.9,6188,4927,2022-04-22,19211,19211.0,6801.0
Stefon Diggs,WR,BUF,28.4,2015.0,22.7,31.3,9.0,6159,5032,2022-04-22,13981,13981.0,2449.0
Antonio Gibson,RB,WAS,23.8,2020.0,22.9,32.0,10.1,6130,4950,2022-04-22,19624,19624.0,6945.0
Tyreek Hill,WR,MIA,28.1,2016.0,23.4,32.2,9.7,6059,4927,2022-04-22,15802,15802.0,3321.0
Nick Chubb,RB,CLE,26.3,2018.0,25.0,34.6,11.3,5835,4657,2022-04-22,17246,17246.0,4988.0
Alvin Kamara,RB,NO,26.7,2017.0,25.1,35.6,11.0,5821,4548,2022-04-22,16421,16421.0,4035.0
Josh Allen,QB,BUF,25.9,2018.0,26.2,1.7,1.1,5673,10089,2022-04-22,17298,17298.0,4984.0
DJ Moore,WR,CAR,25.0,2018.0,29.5,40.1,13.5,5249,4092,2022-04-22,17265,17265.0,4983.0
Diontae Johnson,WR,PIT,25.8,2019.0,31.3,41.6,14.1,5032,3950,2022-04-22,18615,18615.0,5937.0
Cam Akers,RB,LAR,22.8,2020.0,31.7,43.6,12.7,4985,3769,2022-04-22,19268,19268.0,6938.0
Saquon Barkley,RB,NYG,25.2,2018.0,32.4,43.7,13.3,4904,3760,2022-04-22,17240,17240.0,4866.0
Chris Godwin,WR,TB,26.1,2017.0,33.1,44.8,15.2,4824,3664,2022-04-22,16406,16406.0,4037.0
Derrick Henry,RB,TEN,28.3,2016.0,33.7,43.6,13.9,4756,3769,2022-04-22,15514,15514.0,3198.0
J.K. Dobbins,RB,BAL,23.3,2020.0,35.2,47.3,15.4,4591,3455,2022-04-22,19245,19245.0,6806.0
Patrick Mahomes II,QB,KC,26.6,2017.0,37.7,2.8,2.1,4329,9831,2022-04-22,16413,16413.0,4046.0
Terry McLaurin,WR,WAS,26.6,2019.0,38.5,49.0,16.7,4249,3320,2022-04-22,18466,18466.0,5927.0
Elijah Moore,WR,NYJ,22.1,2021.0,40.0,52.1,19.5,4102,3086,2022-04-22,20114,20114.0,7596.0
George Kittle,TE,SF,28.5,2017.0,40.2,50.9,3.5,4082,3175,2022-04-22,16499,16499.0,4217.0
Travis Kelce,TE,KC,32.5,2013.0,41.4,52.9,3.6,3969,3029,2022-04-22,11594,11594.0,1466.0
DeVonta Smith,WR,PHI,23.4,2021.0,42.2,52.4,20.4,3895,3065,2022-04-22,19222,19222.0,7525.0
Michael Pittman Jr.,WR,IND,24.5,2020.0,42.6,54.5,20.9,3858,2917,2022-04-22,19278,19278.0,6819.0
Justin Herbert,QB,LAC,24.1,2020.0,42.6,4.9,3.0,3858,9358,2022-04-22,18635,18635.0,6797.0
Travis Etienne Jr.,RB,JAC,23.2,2021.0,45.2,57.9,18.8,3630,2693,2022-04-22,19231,19231.0,7543.0
Jerry Jeudy,WR,DEN,23.0,2020.0,45.3,57.4,21.3,3621,2725,2022-04-22,19201,19201.0,6783.0
David Montgomery,RB,CHI,24.9,2019.0,45.9,59.6,17.3,3571,2588,2022-04-22,18239,18239.0,5892.0
Mike Evans,WR,TB,28.7,2014.0,46.2,59.6,21.5,3545,2588,2022-04-22,12119,12119.0,2216.0
Josh Jacobs,RB,LV,24.2,2019.0,47.7,62.0,19.0,3423,2446,2022-04-22,18269,18269.0,5850.0
Keenan Allen,WR,LAC,30.0,2013.0,51.6,64.2,22.8,3123,2323,2022-04-22,11616,11616.0,1479.0
Amari Cooper,WR,CLE,27.8,2015.0,52.7,65.6,23.6,3043,2247,2022-04-22,13894,13894.0,2309.0
Joe Burrow,QB,CIN,25.4,2020.0,53.7,9.9,4.8,2973,8321,2022-04-22,19196,19196.0,6770.0
Aaron Jones,RB,GB,27.4,2017.0,54.4,68.2,19.5,2924,2114,2022-04-22,16673,16673.0,4199.0
Lamar Jackson,QB,BAL,25.3,2018.0,54.7,12.0,5.2,2904,7920,2022-04-22,17233,17233.0,4881.0
Elijah Mitchell,RB,SF,24.0,2021.0,55.4,69.7,20.5,2856,2041,2022-04-22,22813,22813.0,7561.0
DeAndre Hopkins,WR,ARI,29.9,2013.0,55.7,69.9,24.3,2836,2031,2022-04-22,11606,11606.0,1426.0
Kyler Murray,QB,ARI,24.7,2019.0,57.2,12.8,5.6,2738,7772,2022-04-22,18600,18600.0,5849.0
Amon-Ra St. Brown,WR,DET,22.5,2021.0,59.1,72.7,27.3,2618,1902,2022-04-22,19799,19799.0,7547.0
AJ Dillon,RB,GB,24.0,2020.0,59.6,73.4,22.4,2588,1871,2022-04-22,19358,19358.0,6828.0
T.J. Hockenson,TE,DET,24.8,2019.0,62.9,75.9,5.6,2395,1764,2022-04-22,18290,18290.0,5844.0
Courtland Sutton,WR,DEN,26.5,2018.0,63.4,77.7,28.5,2367,1691,2022-04-22,17253,17253.0,5045.0
Ezekiel Elliott,RB,DAL,26.8,2016.0,64.5,78.1,22.5,2306,1675,2022-04-22,15498,15498.0,3164.0
Leonard Fournette,RB,TB,27.3,2017.0,64.9,79.3,23.6,2285,1629,2022-04-22,16378,16378.0,3969.0
Darren Waller,TE,LV,29.6,2015.0,64.9,79.1,5.9,2285,1636,2022-04-22,14104,14104.0,2505.0
Rashod Bateman,WR,BAL,22.4,2021.0,65.6,80.1,29.1,2247,1598,2022-04-22,19794,19794.0,7571.0
Michael Carter,RB,NYJ,23.0,2021.0,68.6,82.6,24.4,2094,1507,2022-04-22,22728,22728.0,7607.0
Darnell Mooney,WR,CHI,24.5,2020.0,69.7,83.2,31.6,2041,1486,2022-04-22,19810,19810.0,7090.0
Deshaun Watson,QB,CLE,26.6,2017.0,70.5,20.7,7.1,2003,6455,2022-04-22,16398,16398.0,4017.0
Mike Williams,WR,LAC,27.5,2017.0,70.9,84.1,31.3,1984,1455,2022-04-22,16377,16377.0,4068.0
Brandon Aiyuk,WR,SF,24.1,2020.0,72.1,84.9,32.4,1929,1428,2022-04-22,19252,19252.0,6803.0
James Conner,RB,ARI,27.0,2017.0,72.8,86.4,25.7,1898,1378,2022-04-22,16447,16447.0,4137.0
Michael Thomas,WR,NO,29.1,2016.0,75.0,88.8,31.6,1802,1303,2022-04-22,15528,15528.0,3199.0
Dak Prescott,QB,DAL,28.7,2016.0,75.5,21.7,7.7,1781,6306,2022-04-22,15600,15600.0,3294.0
Marquise Brown,WR,BAL,24.9,2019.0,75.7,90.1,34.4,1773,1264,2022-04-22,18226,18226.0,5848.0
Chase Claypool,WR,PIT,23.8,2020.0,79.7,93.3,35.5,1614,1172,2022-04-22,18627,18627.0,6886.0
Dallas Goedert,TE,PHI,27.3,2018.0,79.9,92.7,7.3,1606,1189,2022-04-22,17270,17270.0,5022.0
Breece Hall,RB,FA,,,80.1,83.0,30.4,1598,1493,2022-04-22,22982,,
Miles Sanders,RB,PHI,25.0,2019.0,82.2,96.2,27.9,1521,1095,2022-04-22,18283,18283.0,6151.0
Damien Harris,RB,NE,25.2,2019.0,82.7,97.9,28.5,1504,1052,2022-04-22,18230,18230.0,5890.0
Pat Freiermuth,TE,PIT,23.5,2021.0,82.9,96.5,8.1,1497,1087,2022-04-22,20163,20163.0,7600.0
Allen Robinson II,WR,LAR,28.7,2014.0,83.0,97.2,36.1,1493,1069,2022-04-22,12126,12126.0,1992.0
JuJu Smith-Schuster,WR,KC,25.4,2017.0,85.1,98.8,37.5,1421,1030,2022-04-22,16427,16427.0,4040.0
Clyde Edwards-Helaire,RB,KC,23.0,2020.0,86.3,100.9,29.3,1382,980,2022-04-22,19325,19325.0,6820.0
Tony Pollard,RB,DAL,25.0,2019.0,86.3,100.9,30.1,1382,980,2022-04-22,18705,18705.0,5967.0
Kareem Hunt,RB,CLE,26.7,2017.0,88.0,104.1,30.2,1328,909,2022-04-22,16425,16425.0,4098.0
Brandin Cooks,WR,HOU,28.6,2014.0,89.8,102.9,38.5,1273,935,2022-04-22,12122,12122.0,2197.0
Russell Wilson,QB,DEN,33.4,2012.0,90.1,30.2,10.1,1264,5164,2022-04-22,11180,11180.0,1234.0
Trey Lance,QB,SF,21.9,2021.0,90.2,31.9,10.8,1261,4962,2022-04-22,20082,20082.0,7610.0
Hunter Renfrow,WR,LV,26.3,2019.0,91.9,105.8,40.5,1211,874,2022-04-22,18345,18345.0,5955.0
Tyler Lockett,WR,SEA,29.6,2015.0,93.4,107.6,38.8,1169,838,2022-04-22,13971,13971.0,2374.0
Gabriel Davis,WR,BUF,23.1,2020.0,95.4,110.3,41.2,1116,786,2022-04-22,19398,19398.0,6943.0
Dalton Schultz,TE,DAL,25.8,2018.0,95.6,108.2,9.3,1110,826,2022-04-22,17349,17349.0,5001.0
Kadarius Toney,WR,NYG,23.2,2021.0,96.3,110.1,42.3,1092,790,2022-04-22,20119,20119.0,7606.0
Rashaad Penny,RB,SEA,26.2,2018.0,99.1,114.6,33.3,1023,711,2022-04-22,17308,17308.0,4985.0
Justin Fields,QB,CHI,23.1,2021.0,99.8,37.3,11.7,1006,4370,2022-04-22,19781,19781.0,7591.0
Trevor Lawrence,QB,JAC,22.5,2021.0,100.8,38.6,12.6,983,4239,2022-04-22,19780,19780.0,7523.0
Devin Singletary,RB,BUF,24.6,2019.0,101.6,117.6,33.1,964,662,2022-04-22,18280,18280.0,6130.0
Chase Edmonds,RB,MIA,26.0,2018.0,101.9,118.0,33.9,958,656,2022-04-22,17496,17496.0,5000.0
Michael Gallup,WR,DAL,26.1,2018.0,101.9,116.9,44.4,958,673,2022-04-22,17259,17259.0,5038.0
Dawson Knox,TE,BUF,25.4,2019.0,102.8,116.7,10.8,938,676,2022-04-22,18631,18631.0,5906.0
Rhamondre Stevenson,RB,NE,24.2,2021.0,104.6,119.0,34.9,899,641,2022-04-22,22726,22726.0,7611.0
Jalen Hurts,QB,PHI,23.7,2020.0,105.0,45.0,12.8,890,3647,2022-04-22,19275,19275.0,6904.0
Matthew Stafford,QB,LAR,34.2,2009.0,106.2,42.5,12.8,866,3868,2022-04-22,9451,9451.0,421.0
Rondale Moore,WR,ARI,21.9,2021.0,108.3,121.7,46.3,824,601,2022-04-22,19796,19796.0,7601.0
Christian Kirk,WR,JAC,25.4,2018.0,109.5,122.4,46.3,801,592,2022-04-22,17268,17268.0,4950.0
Mike Gesicki,TE,MIA,26.6,2018.0,109.6,122.9,11.7,799,585,2022-04-22,17272,17272.0,4993.0
James Robinson,RB,JAC,23.7,2020.0,110.9,126.0,37.5,775,544,2022-04-22,19631,19631.0,6955.0
Noah Fant,TE,SEA,24.4,2019.0,112.9,124.3,12.2,740,566,2022-04-22,17527,17527.0,5857.0
Aaron Rodgers,QB,GB,38.4,2005.0,112.9,51.6,14.7,740,3123,2022-04-22,9001,9001.0,96.0
Kenneth Walker III,RB,FA,,,114.3,115.7,39.9,716,692,2022-04-22,23021,,
Calvin Ridley,WR,ATL,27.3,2018.0,114.6,125.4,46.5,711,551,2022-04-22,17258,17258.0,4981.0
Garrett Wilson,WR,FA,,,115.0,116.9,48.5,704,673,2022-04-22,23072,,
Robert Woods,WR,TEN,30.0,2013.0,119.9,134.6,48.7,627,444,2022-04-22,11610,11610.0,1352.0
Jameson Williams,WR,FA,,,120.7,124.5,51.6,616,563,2022-04-22,23677,,
Drake London,WR,FA,,,121.4,123.4,51.3,606,578,2022-04-22,23163,,
Adam Thielen,WR,MIN,31.7,2014.0,121.8,134.4,49.1,600,446,2022-04-22,13429,13429.0,1689.0
Tua Tagovailoa,QB,MIA,24.1,2020.0,122.3,59.7,16.4,593,2582,2022-04-22,19198,19198.0,6768.0
Alexander Mattison,RB,MIN,23.8,2019.0,122.4,135.5,40.5,592,435,2022-04-22,18621,18621.0,5987.0
Cole Kmet,TE,CHI,23.1,2020.0,123.0,133.4,13.7,583,457,2022-04-22,19229,19229.0,6826.0
Chris Olave,WR,FA,,,123.3,128.7,56.1,579,510,2022-04-22,20111,,
Odell Beckham Jr.,WR,FA,29.5,2014.0,124.0,137.5,50.3,570,415,2022-04-22,12127,12127.0,2078.0
Treylon Burks,WR,FA,,,126.2,129.1,53.5,541,505,2022-04-22,22905,,
Melvin Gordon III,RB,FA,29.0,2015.0,126.4,139.9,40.7,538,392,2022-04-22,13903,13903.0,2320.0
Darrell Henderson Jr.,RB,LAR,24.7,2019.0,126.8,141.0,41.2,533,382,2022-04-22,18588,18588.0,5916.0
Albert Okwuegbunam,TE,DEN,24.0,2020.0,127.7,137.8,14.7,522,412,2022-04-22,18246,18246.0,6843.0
Ronald Jones II,RB,KC,24.7,2018.0,128.9,142.7,42.5,508,367,2022-04-22,17243,17243.0,5052.0
Derek Carr,QB,LV,31.1,2014.0,128.9,63.0,17.1,508,2389,2022-04-22,12092,12092.0,2028.0
Tyler Boyd,WR,CIN,27.4,2016.0,131.8,144.3,52.4,474,354,2022-04-22,15547,15547.0,3225.0
Mac Jones,QB,NE,23.6,2021.0,134.0,68.3,18.6,450,2109,2022-04-22,20156,20156.0,7527.0
D.J. Chark Jr.,WR,DET,25.6,2018.0,135.2,147.5,54.1,438,328,2022-04-22,17292,17292.0,4951.0
Hunter Henry,TE,NE,27.4,2016.0,140.9,154.5,16.1,383,278,2022-04-22,15561,15561.0,3214.0
Irv Smith Jr.,TE,MIN,23.7,2019.0,141.0,152.8,17.2,382,290,2022-04-22,18610,18610.0,6126.0
Kenneth Gainwell,RB,PHI,23.1,2021.0,141.8,153.3,45.4,375,286,2022-04-22,23310,23310.0,7567.0
Khalil Herbert,RB,CHI,24.0,2021.0,141.8,152.6,46.3,375,291,2022-04-22,22763,22763.0,7608.0
Zach Ertz,TE,ARI,31.4,2013.0,142.6,154.1,17.2,368,281,2022-04-22,11689,11689.0,1339.0
Zach Wilson,QB,NYJ,22.7,2021.0,143.1,75.4,19.9,364,1785,2022-04-22,22679,22679.0,7538.0
Kenny Golladay,WR,NYG,28.5,2017.0,144.5,155.8,55.4,352,270,2022-04-22,16488,16488.0,4131.0
Jakobi Meyers,WR,NE,25.4,2019.0,145.2,154.6,56.9,346,278,2022-04-22,18598,18598.0,5947.0
Isaiah Spiller,RB,FA,,,145.3,146.3,49.1,345,337,2022-04-22,23143,,
George Pickens,WR,FA,,,148.6,153.1,65.2,320,288,2022-04-22,22963,,
Corey Davis,WR,NYJ,27.3,2017.0,149.4,160.9,56.7,314,239,2022-04-22,16385,16385.0,4036.0
Kirk Cousins,QB,MIN,33.7,2012.0,151.4,79.0,19.6,299,1640,2022-04-22,11177,11177.0,1166.0
Laviska Shenault Jr.,WR,JAC,23.5,2020.0,151.7,162.4,59.6,297,231,2022-04-22,19221,19221.0,6814.0
Russell Gage,WR,TB,26.2,2018.0,151.8,161.8,58.7,296,234,2022-04-22,17606,17606.0,5110.0
Malik Willis,QB,FA,,,152.3,82.8,22.6,293,1500,2022-04-22,23499,,
Jahan Dotson,WR,FA,,,154.0,158.2,66.2,281,255,2022-04-22,23101,,
Skyy Moore,WR,FA,,,154.0,158.1,63.8,281,256,2022-04-22,23905,,
David Njoku,TE,CLE,25.8,2017.0,155.2,162.5,19.4,274,231,2022-04-22,16399,16399.0,4033.0
Chuba Hubbard,RB,CAR,22.9,2021.0,160.6,169.4,50.6,241,196,2022-04-22,19792,19792.0,7594.0
Christian Watson,WR,FA,,,160.9,161.7,66.1,239,235,2022-04-22,23886,,
Tom Brady,QB,TB,44.7,2000.0,162.0,94.7,22.0,233,1134,2022-04-22,9603,9603.0,167.0
Cordarrelle Patterson,RB,ATL,31.1,2013.0,163.0,170.2,52.5,228,192,2022-04-22,11613,11613.0,1535.0
Sony Michel,RB,LAR,27.2,2018.0,164.6,174.5,50.1,219,174,2022-04-22,17309,17309.0,4962.0
Evan Engram,TE,JAC,27.6,2017.0,165.9,175.2,20.7,213,171,2022-04-22,16411,16411.0,4066.0
Chris Carson,RB,SEA,27.6,2017.0,166.3,171.6,50.6,211,186,2022-04-22,16754,16754.0,4273.0
Trey Sermon,RB,SF,23.2,2021.0,167.8,175.4,52.8,204,170,2022-04-22,19425,19425.0,7593.0
Ryan Tannehill,QB,TEN,33.7,2012.0,168.5,93.6,22.1,200,1164,2022-04-22,11174,11174.0,1049.0
Rachaad White,RB,FA,,,168.6,167.5,58.0,200,205,2022-04-22,23891,,
Nico Collins,WR,HOU,23.1,2021.0,168.8,174.7,65.8,199,173,2022-04-22,20130,20130.0,7569.0
Jarvis Landry,WR,FA,29.4,2014.0,169.1,176.5,64.4,197,166,2022-04-22,12128,12128.0,1825.0
Trey McBride,TE,FA,,,170.4,171.7,23.0,191,186,2022-04-22,22936,,
J.D. McKissic,RB,WAS,28.5,2016.0,171.5,175.3,51.7,187,171,2022-04-22,16230,16230.0,3664.0
Brian Robinson Jr.,RB,FA,,,171.9,169.3,59.2,185,196,2022-04-22,20094,,
Curtis Samuel,WR,WAS,25.7,2017.0,172.6,178.7,66.6,182,158,2022-04-22,16434,16434.0,4082.0
Van Jefferson,WR,LAR,25.7,2020.0,174.0,179.2,65.6,176,156,2022-04-22,19483,19483.0,6853.0
DeVante Parker,WR,NE,29.3,2015.0,174.8,181.3,66.8,173,148,2022-04-22,13897,13897.0,2319.0
William Fuller V,WR,FA,28.0,2016.0,174.9,179.5,65.7,172,155,2022-04-22,15629,15629.0,3157.0
Tyler Higbee,TE,LAR,29.3,2016.0,175.2,180.7,21.8,171,150,2022-04-22,15623,15623.0,3271.0
Gus Edwards,RB,BAL,27.0,2018.0,177.4,184.2,55.4,162,138,2022-04-22,17687,17687.0,5248.0
Nyheim Hines,RB,IND,25.4,2018.0,177.4,182.4,56.2,162,144,2022-04-22,17297,17297.0,5347.0
Jamaal Williams,RB,DET,27.1,2017.0,177.6,184.3,54.2,162,138,2022-04-22,16424,16424.0,4149.0
Logan Thomas,TE,WAS,30.8,2014.0,179.2,184.8,21.6,156,137,2022-04-22,12095,12095.0,2251.0
Tim Patrick,WR,DEN,28.4,2017.0,179.8,182.7,69.2,154,143,2022-04-22,16556,16556.0,4351.0
David Bell,WR,FA,,,181.7,179.4,73.1,147,155,2022-04-22,23108,,
Zamir White,RB,FA,,,186.2,181.4,62.8,132,148,2022-04-22,20095,,
Terrace Marshall Jr.,WR,CAR,21.9,2021.0,186.9,190.7,71.0,130,119,2022-04-22,23242,23242.0,7565.0
Joshua Palmer,WR,LAC,22.6,2021.0,188.7,190.5,71.5,125,119,2022-04-22,22845,22845.0,7670.0
Brevin Jordan,TE,HOU,21.8,2021.0,190.2,190.5,24.2,120,119,2022-04-22,20162,20162.0,7568.0
Ke'Shawn Vaughn,RB,TB,25.0,2020.0,190.7,196.6,56.9,119,103,2022-04-22,19351,19351.0,6885.0
Gerald Everett,TE,LAC,27.8,2017.0,190.7,190.9,24.1,119,118,2022-04-22,16459,16459.0,4089.0
Donovan Peoples-Jones,WR,CLE,23.2,2020.0,191.6,190.4,73.5,116,120,2022-04-22,19298,19298.0,6824.0
James Cook,RB,FA,,,192.2,187.6,65.3,115,128,2022-04-22,22958,,
Wan'dale Robinson,WR,FA,,,192.5,189.0,85.4,114,124,2022-04-22,22985,,
Marquez Valdes-Scantling,WR,KC,27.5,2018.0,193.5,192.1,73.5,111,115,2022-04-22,17528,17528.0,5086.0
Raheem Mostert,RB,MIA,30.0,2015.0,194.7,195.6,57.7,108,106,2022-04-22,14338,14338.0,2749.0
Allen Lazard,WR,GB,26.4,2018.0,197.1,194.4,76.5,102,109,2022-04-22,17301,17301.0,5185.0
Matt Ryan,QB,IND,36.9,2008.0,197.3,116.8,25.1,102,675,2022-04-22,9444,9444.0,24.0
Mecole Hardman,WR,KC,24.1,2019.0,197.7,196.6,75.5,101,103,2022-04-22,18587,18587.0,5917.0
Jaret Patterson,RB,WAS,22.3,2021.0,198.0,204.0,60.7,100,87,2022-04-22,20155,20155.0,7537.0
Davis Mills,QB,HOU,23.5,2021.0,198.2,111.3,25.6,100,768,2022-04-22,22799,22799.0,7585.0
Dameon Pierce,RB,FA,,,198.2,191.4,66.4,100,117,2022-04-22,22947,,
Myles Gaskin,RB,MIA,25.2,2019.0,200.4,207.8,59.3,95,80,2022-04-22,17251,17251.0,5980.0
Kenyan Drake,RB,LV,28.2,2016.0,200.6,201.5,58.8,94,92,2022-04-22,15637,15637.0,3242.0
Rob Gronkowski,TE,FA,32.9,2010.0,202.0,200.4,24.7,91,95,2022-04-22,9721,9721.0,515.0
Khalil Shakir,WR,FA,,,202.3,197.0,92.2,90,102,2022-04-22,23748,,
Adam Trautman,TE,NO,25.2,2020.0,202.9,203.1,26.3,89,89,2022-04-22,19423,19423.0,6869.0
Julio Jones,WR,FA,33.2,2011.0,207.9,211.8,74.1,79,72,2022-04-22,9867,9867.0,947.0
D'Ernest Johnson,RB,CLE,26.1,2019.0,208.4,205.5,63.7,78,84,2022-04-22,19111,19111.0,6694.0
Jameis Winston,QB,NO,28.3,2015.0,210.2,119.4,27.3,75,635,2022-04-22,13891,13891.0,2306.0
D'Onta Foreman,RB,CAR,26.0,2017.0,210.5,208.1,62.5,75,79,2022-04-22,16407,16407.0,4111.0
Carson Wentz,QB,WAS,29.3,2016.0,211.0,121.5,25.9,74,604,2022-04-22,15520,15520.0,3161.0
Robert Tonyan,TE,GB,28.0,2017.0,211.7,205.6,26.7,73,84,2022-04-22,16502,16502.0,4602.0
Zack Moss,RB,BUF,24.4,2020.0,213.7,212.0,61.9,69,72,2022-04-22,19263,19263.0,6845.0
Tyler Allgeier,RB,FA,,,215.4,204.0,69.4,67,87,2022-04-22,24172,,
Robby Anderson,WR,CAR,29.0,2016.0,215.8,211.2,77.8,66,73,2022-04-22,15688,15688.0,3423.0
Pierre Strong Jr.,RB,FA,,,220.1,208.8,68.7,60,78,2022-04-22,24173,,
Jonnu Smith,TE,NE,26.7,2017.0,221.3,214.8,27.5,58,67,2022-04-22,16460,16460.0,4144.0
Marquez Callaway,WR,NO,24.1,2020.0,221.8,214.3,82.3,57,68,2022-04-22,19505,19505.0,6989.0
John Metchie,WR,FA,,,222.6,210.2,87.4,56,75,2022-04-22,22895,,
Justyn Ross,WR,FA,,,222.8,210.9,87.3,56,74,2022-04-22,19798,,
KJ Hamler,WR,DEN,22.8,2020.0,223.9,215.7,84.4,54,66,2022-04-22,19267,19267.0,6805.0
Matt Corral,QB,FA,,,224.6,116.9,30.7,54,673,2022-04-22,23028,,
Daniel Jones,QB,NYG,24.9,2019.0,226.6,125.0,27.6,51,556,2022-04-22,18232,18232.0,5870.0
Jerome Ford,RB,FA,,,226.6,213.4,72.1,51,70,2022-04-22,22921,,
Dyami Brown,WR,WAS,22.5,2021.0,227.3,221.6,83.7,50,57,2022-04-22,20113,20113.0,7587.0
Kendrick Bourne,WR,NE,26.7,2017.0,227.8,217.0,84.6,50,64,2022-04-22,17066,17066.0,4454.0
Chris Evans,RB,CIN,24.5,2021.0,228.2,223.2,67.8,49,55,2022-04-22,22797,22797.0,7794.0
Darrel Williams,RB,KC,27.0,2018.0,229.0,224.3,67.0,48,54,2022-04-22,17514,17514.0,5549.0
Sterling Shepard,WR,NYG,29.2,2016.0,229.4,221.6,80.8,48,57,2022-04-22,15569,15569.0,3200.0
Bryan Edwards,WR,LV,23.4,2020.0,230.1,221.0,84.4,47,58,2022-04-22,18634,18634.0,6870.0
Baker Mayfield,QB,CLE,27.0,2018.0,230.7,128.9,29.1,46,508,2022-04-22,17237,17237.0,4892.0
K.J. Osborn,WR,MIN,24.9,2020.0,231.0,219.9,88.1,46,60,2022-04-22,19708,19708.0,7066.0
Jalen Tolbert,WR,FA,,,232.3,217.5,87.5,45,63,2022-04-22,23770,,
Jeff Wilson Jr.,RB,SF,26.4,2018.0,233.1,228.9,70.8,44,48,2022-04-22,18026,18026.0,5284.0
Cedrick Wilson Jr.,WR,MIA,26.4,2018.0,236.3,227.0,88.3,41,51,2022-04-22,17262,17262.0,5113.0
Kyren Williams,RB,FA,,,236.5,217.1,78.9,41,64,2022-04-22,23059,,
Austin Hooper,TE,TEN,27.5,2016.0,237.2,224.1,28.7,40,54,2022-04-22,15581,15581.0,3202.0
Justin Jackson,RB,LAC,27.0,2018.0,240.0,231.0,68.6,37,46,2022-04-22,17300,17300.0,5131.0
Jamison Crowder,WR,BUF,28.8,2015.0,241.2,230.6,87.9,36,47,2022-04-22,13976,13976.0,2410.0
D'Vonte Price,RB,FA,,,241.8,226.8,97.6,36,51,2022-04-22,23874,,
Parris Campbell,WR,IND,24.8,2019.0,242.1,229.0,90.2,36,48,2022-04-22,18463,18463.0,5880.0
Marvin Jones Jr.,WR,JAC,32.1,2012.0,242.7,232.8,84.7,35,44,2022-04-22,11215,11215.0,1067.0
Isaiah Pacheco,RB,FA,,,244.0,236.5,75.5,34,41,2022-04-22,24210,,
Kevin Austin,WR,FA,,,248.0,238.0,92.0,31,39,2022-04-22,23049,,
Kenny Pickett,QB,FA,,,248.3,124.4,31.9,31,564,2022-04-22,22722,,
Eno Benjamin,RB,ARI,23.0,2020.0,248.7,235.2,77.3,30,42,2022-04-22,19361,19361.0,6951.0
Kevin Harris,RB,FA,,,250.9,230.3,76.9,29,47,2022-04-22,23117,,
Marlon Mack,RB,HOU,26.1,2017.0,251.3,232.4,72.3,29,45,2022-04-22,16444,16444.0,4152.0
Tyler Badie,RB,FA,,,252.0,229.6,77.8,28,48,2022-04-22,23812,,
Alec Pierce,WR,FA,,,252.0,229.7,99.5,28,48,2022-04-22,23791,,
C.J. Uzomah,TE,NYJ,29.3,2015.0,252.7,238.4,32.6,28,39,2022-04-22,14084,14084.0,2460.0
Harrison Bryant,TE,CLE,24.0,2020.0,253.0,233.6,31.7,27,43,2022-04-22,19389,19389.0,6850.0
Sam Howell,QB,FA,,,253.4,125.0,33.1,27,556,2022-04-22,23045,,
Greg Dulcich,TE,FA,,,253.6,230.8,36.1,27,46,2022-04-22,23153,,
Amari Rodgers,WR,GB,22.6,2021.0,254.3,236.8,98.4,27,40,2022-04-22,20132,20132.0,7540.0
Jalen Reagor,WR,PHI,23.3,2020.0,256.2,245.0,91.7,25,33,2022-04-22,19219,19219.0,6798.0
Hassan Haskins,RB,FA,,,257.4,237.0,100.8,25,40,2022-04-22,23798,,
Quez Watkins,WR,PHI,23.9,2020.0,258.2,238.4,94.0,24,39,2022-04-22,19715,19715.0,6927.0
Quintez Cephus,WR,DET,24.1,2020.0,259.3,243.1,99.0,24,35,2022-04-22,19396,19396.0,6895.0
Samaje Perine,RB,CIN,26.6,2017.0,260.4,246.8,74.4,23,32,2022-04-22,16423,16423.0,4147.0
Tre'Quan Smith,WR,NO,26.3,2018.0,261.6,244.4,92.9,22,34,2022-04-22,17261,17261.0,5026.0
Darius Slayton,WR,NYG,25.3,2019.0,262.4,247.3,94.4,22,31,2022-04-22,18706,18706.0,6149.0
D'Wayne Eskridge,WR,SEA,25.1,2021.0,262.8,247.0,92.7,22,32,2022-04-22,22785,22785.0,7612.0
Jeremy Ruckert,TE,FA,,,264.9,241.4,33.8,21,36,2022-04-22,23742,,
Hayden Hurst,TE,CIN,28.7,2018.0,265.8,244.7,32.7,20,33,2022-04-22,17283,17283.0,4973.0
Jared Goff,QB,DET,27.5,2016.0,266.5,140.6,30.4,20,386,2022-04-22,15501,15501.0,3163.0
O.J. Howard,TE,BUF,27.4,2017.0,268.2,247.6,34.1,19,31,2022-04-22,16380,16380.0,4055.0
Kylin Hill,RB,GB,23.7,2021.0,268.2,251.8,80.7,19,28,2022-04-22,19323,19323.0,7572.0
Braxton Berrios,WR,NYJ,26.5,2018.0,268.2,245.3,101.2,19,33,2022-04-22,17289,17289.0,5121.0
Jermar Jefferson,RB,DET,22.0,2021.0,269.7,251.6,78.9,19,28,2022-04-22,20088,20088.0,7599.0
Mike Davis,RB,ATL,29.2,2015.0,270.4,258.8,71.8,18,24,2022-04-22,13943,13943.0,2431.0
Boston Scott,RB,PHI,27.0,2018.0,270.7,252.8,77.0,18,28,2022-04-22,17612,17612.0,5122.0
Jimmy Garoppolo,QB,SF,30.5,2014.0,270.7,144.9,31.9,18,349,2022-04-22,12208,12208.0,1837.0
James Washington,WR,DAL,26.1,2018.0,272.0,248.2,100.9,18,31,2022-04-22,17254,17254.0,5024.0
James White,RB,NE,30.2,2014.0,272.7,257.6,80.1,17,25,2022-04-22,12195,12195.0,1848.0
Desmond Ridder,QB,FA,,,272.7,136.5,32.8,17,425,2022-04-22,20080,,
Anthony Schwartz,WR,CLE,21.6,2021.0,273.2,252.6,100.3,17,28,2022-04-22,20125,20125.0,7533.0
Tommy Tremble,TE,CAR,21.9,2021.0,273.9,256.8,37.4,17,25,2022-04-22,22795,22795.0,7694.0
Dan Arnold,TE,JAC,27.1,2017.0,274.2,253.5,35.2,17,27,2022-04-22,17143,17143.0,4741.0
Bo Melton,WR,FA,,,275.2,249.7,103.9,16,30,2022-04-22,24049,,
Jalen Guyton,WR,LAC,24.9,2019.0,275.8,255.4,105.2,16,26,2022-04-22,18941,18941.0,6421.0
Isaiah Likely,TE,FA,,,275.8,246.6,36.3,16,32,2022-04-22,23781,,
Byron Pringle,WR,CHI,28.4,2018.0,278.6,260.0,98.0,15,23,2022-04-22,17739,17739.0,5199.0
Josh Reynolds,WR,DET,27.2,2017.0,280.0,257.5,99.1,15,25,2022-04-22,16439,16439.0,4171.0
Cole Beasley,WR,FA,33.0,2012.0,282.3,267.1,94.4,14,20,2022-04-22,11459,11459.0,1144.0
Mitchell Trubisky,QB,PIT,27.7,2017.0,282.5,149.3,32.4,14,314,2022-04-22,16381,16381.0,3976.0
Tyler Johnson,WR,TB,23.7,2020.0,283.0,260.4,104.7,14,23,2022-04-22,18633,18633.0,6960.0
Tyquan Thornton,WR,FA,,,283.6,251.8,99.2,13,28,2022-04-22,22913,,
Isaiah McKenzie,WR,BUF,,,283.9,255.9,107.3,13,26,2022-04-22,16604,16604.0,4197.0
Jelani Woods,TE,FA,,,285.0,251.3,40.7,13,29,2022-04-22,23829,,
Sammy Watkins,WR,GB,28.9,2014.0,286.3,260.4,111.8,13,23,2022-04-22,12118,12118.0,1817.0
Marcus Mariota,QB,ATL,28.5,2015.0,287.3,151.9,33.3,12,296,2022-04-22,13890,13890.0,2307.0
Kene Nwangwu,RB,MIN,24.2,2021.0,288.8,265.0,86.0,12,21,2022-04-22,23249,23249.0,7720.0
Jerick McKinnon,RB,KC,30.0,2014.0,291.0,267.7,86.7,11,19,2022-04-22,12209,12209.0,2161.0
Jerrion Ealy,RB,FA,,,292.4,256.7,93.7,11,25,2022-04-22,23029,,
Jalen Wydermyer,TE,FA,,,292.7,256.5,39.5,11,25,2022-04-22,23145,,
Dontario Drummond,WR,FA,,,293.3,260.3,133.2,11,23,2022-04-22,23809,,
Ty Johnson,RB,NYJ,24.6,2019.0,293.6,270.6,82.9,11,18,2022-04-22,18406,18406.0,6039.0
Nelson Agholor,WR,NE,28.9,2015.0,293.7,269.5,103.1,11,19,2022-04-22,13969,13969.0,2325.0
Kennedy Brooks,RB,FA,,,293.8,263.1,88.0,11,22,2022-04-22,20161,,
Tyler Conklin,TE,NYJ,26.7,2018.0,295.2,266.1,37.9,10,20,2022-04-22,17598,17598.0,5133.0
Calvin Austin III,WR,FA,,,295.7,261.7,111.1,10,22,2022-04-22,23739,,
Sincere McCormick,RB,FA,,,296.0,259.8,94.4,10,23,2022-04-22,23172,,
Denzel Mims,WR,NYJ,24.5,2020.0,296.1,274.0,109.4,10,17,2022-04-22,19344,19344.0,6849.0
A.J. Green,WR,ARI,33.7,2011.0,296.7,275.6,101.0,10,16,2022-04-22,9857,9857.0,830.0
Mo Alie-Cox,TE,IND,28.6,2017.0,298.4,271.4,38.8,9,18,2022-04-22,16579,16579.0,4054.0
Antonio Brown,WR,FA,33.8,2010.0,299.8,276.3,103.1,9,16,2022-04-22,9808,9808.0,536.0
Donald Parham Jr.,TE,LAC,24.7,2019.0,300.0,271.9,43.1,9,18,2022-04-22,18835,18835.0,6074.0
David Johnson,RB,HOU,30.3,2015.0,300.8,281.7,78.6,9,14,2022-04-22,13948,13948.0,2391.0
Craig Reynolds,RB,DET,,,301.0,307.0,96.0,9,8,2022-04-22,19074,19074.0,6659.0
Joshua Kelley,RB,LAC,24.4,2020.0,301.6,276.4,91.5,9,16,2022-04-22,19445,19445.0,7045.0
Zonovan Knight,RB,FA,,,302.1,266.0,92.6,9,20,2022-04-22,23038,,
Darrynton Evans,RB,CHI,23.8,2020.0,302.7,279.1,87.3,9,15,2022-04-22,19418,19418.0,7064.0
N'Keal Harry,WR,NE,24.3,2019.0,302.7,277.6,106.0,9,15,2022-04-22,18222,18222.0,5878.0
Damien Williams,RB,ATL,30.1,2014.0,304.1,276.9,84.9,8,16,2022-04-22,12334,12334.0,1833.0
Devin Duvernay,WR,BAL,24.6,2020.0,304.7,280.2,111.9,8,15,2022-04-22,19270,19270.0,6847.0
Zay Jones,WR,JAC,27.1,2017.0,304.8,275.8,110.9,8,16,2022-04-22,16431,16431.0,4080.0
Romeo Doubs,WR,FA,,,304.9,267.7,111.9,8,19,2022-04-22,23794,,
Phillip Lindsay,RB,MIA,27.7,2018.0,305.1,283.7,82.9,8,13,2022-04-22,17498,17498.0,5170.0
Brycen Hopkins,TE,LAR,25.1,2020.0,305.4,310.7,61.1,8,7,2022-04-22,19234,19234.0,6926.0
Hunter Long,TE,MIA,23.7,2021.0,305.9,276.9,41.4,8,16,2022-04-22,22783,22783.0,7535.0
Derrick Gore,RB,KC,,,306.2,280.1,99.9,8,15,2022-04-22,19113,19113.0,6753.0
Kylen Granson,TE,IND,24.1,2021.0,308.0,276.4,41.6,8,16,2022-04-22,22841,22841.0,7602.0
Larry Rountree III,RB,LAC,24.2,2021.0,308.3,281.6,87.3,7,14,2022-04-22,19537,19537.0,7574.0
Kalif Raymond,WR,DET,27.7,2016.0,310.6,296.8,135.0,7,10,2022-04-22,16081,16081.0,3634.0
Kalen Ballage,RB,PIT,,,310.7,279.7,114.3,7,15,2022-04-22,17250,17250.0,4994.0
DeAndre Carter,WR,LAC,,,310.9,323.5,123.5,7,5,2022-04-22,14103,14103.0,2750.0
Ray-Ray McCloud,WR,SF,,,311.0,314.0,143.4,7,7,2022-04-22,17530,17530.0,5096.0
Mike Boone,RB,DEN,,,311.4,279.2,105.2,7,15,2022-04-22,17813,17813.0,5209.0
Jauan Jennings,WR,SF,24.8,2020.0,311.8,317.4,124.4,7,6,2022-04-22,19590,19590.0,7049.0
Derrius Guice,RB,FA,,,312.0,312.0,94.0,7,7,2022-04-22,17241,17241.0,4949.0
Javian Hawkins,RB,TEN,,,312.0,307.5,130.3,7,8,2022-04-22,22762,22762.0,7563.0
Antoine Wesley,WR,ARI,,,313.3,304.0,132.4,7,8,2022-04-22,18605,18605.0,6165.0
Emmanuel Sanders,WR,BUF,35.1,2010.0,314.0,292.4,112.0,7,11,2022-04-22,9707,9707.0,538.0
Ty Chandler,RB,FA,,,314.7,192.0,95.0,6,115,2022-04-22,19471,,
Jordan Love,QB,GB,23.5,2020.0,315.3,168.1,37.0,6,202,2022-04-22,19246,19246.0,6804.0
Tarik Cohen,RB,FA,26.7,2017.0,315.4,291.2,90.0,6,11,2022-04-22,16450,16450.0,4157.0
Breshad Perriman,WR,TB,,,315.4,305.0,128.0,6,8,2022-04-22,13975,13975.0,2331.0
Ihmir Smith-Marsette,WR,MIN,22.6,2021.0,315.5,282.6,121.5,6,14,2022-04-22,20116,20116.0,7559.0
Rashard Higgins,WR,CAR,27.5,2016.0,315.6,315.1,128.2,6,6,2022-04-22,15586,15586.0,3328.0
T.Y. Hilton,WR,IND,32.4,2012.0,316.0,293.5,106.1,6,11,2022-04-22,11206,11206.0,1110.0
Equanimeous St. Brown,WR,CHI,25.6,2018.0,317.0,333.4,162.6,6,4,2022-04-22,17307,17307.0,5323.0
Keelan Cole Sr.,WR,NYJ,29.0,2017.0,317.3,325.1,129.9,6,5,2022-04-22,16864,16864.0,4622.0
Ricky Seals-Jones,TE,NYG,27.1,2017.0,317.5,285.5,42.7,6,13,2022-04-22,16730,16730.0,4531.0
Tyrell Williams,WR,FA,,,317.5,278.0,140.2,6,15,2022-04-22,14324,14324.0,2583.0
Durham Smythe,TE,MIA,,,318.0,324.0,58.3,6,5,2022-04-22,17508,17508.0,5008.0
Tylan Wallace,WR,BAL,22.9,2021.0,318.4,291.0,121.3,6,11,2022-04-22,19801,19801.0,7595.0
Foster Moreau,TE,LV,25.0,2019.0,318.6,285.9,47.2,6,13,2022-04-22,18397,18397.0,5985.0
Tutu Atwell,WR,LAR,22.5,2021.0,318.8,290.4,118.0,6,11,2022-04-22,20126,20126.0,7562.0
Max Borghi,RB,FA,,,319.0,273.8,92.0,6,17,2022-04-22,20099,,
Qadree Ollison,RB,ATL,,,319.0,318.0,116.6,6,6,2022-04-22,18480,18480.0,6002.0
Latavius Murray,RB,BAL,32.3,2013.0,319.6,297.0,83.3,6,10,2022-04-22,11821,11821.0,1476.0
Deonte Harris,WR,NO,24.4,2019.0,320.1,287.8,124.2,6,12,2022-04-22,18876,18876.0,6234.0
Duke Johnson Jr.,RB,BUF,28.6,2015.0,320.3,290.2,90.7,6,11,2022-04-22,13939,13939.0,2382.0
Jaivon Heiligh,WR,FA,,,320.4,325.7,133.0,6,5,2022-04-22,22935,,
Sam Darnold,QB,CAR,24.9,2018.0,320.5,171.3,34.7,6,187,2022-04-22,17236,17236.0,4943.0
DeeJay Dallas,RB,SEA,23.6,2020.0,320.6,288.6,92.2,6,12,2022-04-22,19521,19521.0,6931.0
Dontrell Hilliard,RB,TEN,27.2,2018.0,321.6,297.4,103.0,5,10,2022-04-22,18037,18037.0,5536.0
Zach Pascal,WR,PHI,27.3,2017.0,321.7,289.4,118.1,5,12,2022-04-22,16972,16972.0,4319.0
Keke Coutee,WR,IND,,,322.4,282.6,145.3,5,14,2022-04-22,17490,17490.0,5007.0
Royce Freeman,RB,HOU,,,323.1,283.7,107.2,5,13,2022-04-22,17245,17245.0,5046.0
Olamide Zaccheaus,WR,ATL,24.7,2019.0,323.2,286.3,120.4,5,13,2022-04-22,18864,18864.0,6271.0
Slade Bolden,WR,FA,,,323.2,334.0,135.8,5,4,2022-04-22,23887,,
Brandon Bolden,RB,LV,,,323.5,311.0,103.8,5,7,2022-04-22,11410,11410.0,1034.0
Preston Williams,WR,MIA,25.1,2019.0,323.9,295.0,118.7,5,10,2022-04-22,18612,18612.0,6148.0
Demarcus Robinson,WR,LV,27.6,2016.0,324.3,323.1,136.9,5,5,2022-04-22,15665,15665.0,3286.0
Blake Jarwin,TE,FA,27.8,2017.0,324.7,295.5,47.5,5,10,2022-04-22,16638,16638.0,4571.0
Laquon Treadwell,WR,JAC,26.9,2016.0,325.2,301.7,120.0,5,9,2022-04-22,15495,15495.0,3155.0
Grant Calcaterra,TE,FA,,,325.2,278.0,42.2,5,15,2022-04-22,24180,,
Anthony Miller,WR,PIT,,,325.5,308.7,138.1,5,7,2022-04-22,17255,17255.0,5013.0
Wayne Gallman Jr.,RB,MIN,27.6,2017.0,326.0,322.8,106.3,5,5,2022-04-22,16422,16422.0,4150.0
Freddie Swain,WR,SEA,,,326.6,334.2,139.2,5,4,2022-04-22,19729,19729.0,7135.0
Jared Cook,TE,LAC,35.0,2009.0,326.7,299.9,40.5,5,9,2022-04-22,9265,9265.0,367.0
JaMycal Hasty,RB,SF,25.6,2020.0,326.7,296.2,98.0,5,10,2022-04-22,19627,19627.0,6996.0
Mike Strachan,WR,IND,24.7,2021.0,326.8,337.7,139.4,5,4,2022-04-22,23395,23395.0,7944.0
Keaontay Ingram,RB,FA,,,327.0,282.6,94.7,5,14,2022-04-22,23162,,
Eric Ebron,TE,FA,29.0,2014.0,327.1,320.3,48.8,5,6,2022-04-22,12143,12143.0,2118.0
Abram Smith,RB,FA,,,327.8,282.9,100.4,5,14,2022-04-22,23796,,
Auden Tate,WR,ATL,25.2,2018.0,328.3,297.9,131.1,5,10,2022-04-22,17306,17306.0,5130.0
Braylon Sanders,WR,FA,,,328.4,282.4,123.7,5,14,2022-04-22,24228,,
Salvon Ahmed,RB,MIA,23.3,2020.0,328.8,298.7,94.1,5,9,2022-04-22,19449,19449.0,6918.0
Dare Ogunbowale,RB,HOU,28.0,2017.0,328.9,315.7,112.9,5,6,2022-04-22,16879,16879.0,4718.0
Cam Sims,WR,WAS,,,329.6,285.4,135.0,5,13,2022-04-22,18016,18016.0,5432.0
Tony Jones Jr.,RB,NO,24.4,2020.0,329.8,292.1,94.7,5,11,2022-04-22,19482,19482.0,6984.0
Jake Ferguson,TE,FA,,,330.1,311.6,51.8,4,7,2022-04-22,22718,,
Henry Ruggs III,WR,FA,,,330.4,321.0,143.0,4,6,2022-04-22,19207,19207.0,6789.0
Tyler Goodson,RB,FA,,,330.5,285.0,95.3,4,13,2022-04-22,22976,,
DeSean Jackson,WR,LV,,,330.5,326.2,143.1,4,5,2022-04-22,9186,9186.0,147.0
Ashton Dulin,WR,IND,,,330.7,309.0,140.6,4,7,2022-04-22,18656,18656.0,6427.0
Dax Milne,WR,WAS,,,330.9,337.0,143.5,4,4,2022-04-22,22800,22800.0,7751.0
Jamal Agnew,WR,JAC,27.1,2017.0,331.0,310.7,143.4,4,7,2022-04-22,16666,16666.0,4198.0
Demetric Felton,RB,CLE,23.8,2021.0,331.1,298.7,102.5,4,9,2022-04-22,20105,20105.0,7609.0
Giovani Bernard,RB,TB,30.4,2013.0,331.3,301.5,90.4,4,9,2022-04-22,11644,11644.0,1386.0
Daniel Bellinger,TE,FA,,,331.3,311.0,53.0,4,7,2022-04-22,24238,,
Velus Jones Jr.,WR,FA,,,331.4,270.0,144.0,4,18,2022-04-22,24214,,
Godwin Igwebuike,RB,DET,,,331.7,323.2,112.0,4,5,2022-04-22,17352,17352.0,5220.0
Kenny Yeboah,TE,NYJ,,,332.0,312.0,71.7,4,7,2022-04-22,22815,22815.0,7597.0
Rex Burkhead,RB,HOU,31.8,2013.0,332.1,304.8,92.7,4,8,2022-04-22,11655,11655.0,1387.0
Jacob Harris,TE,LAR,25.0,2021.0,332.1,317.7,53.8,4,6,2022-04-22,23251,23251.0,7703.0
Dez Fitzpatrick,WR,TEN,,,332.1,316.0,144.7,4,6,2022-04-22,20112,20112.0,7729.0
Isaiah Ford,WR,MIA,,,332.4,301.4,145.0,4,9,2022-04-22,16432,16432.0,4252.0
Cameron Brate,TE,TB,30.8,2014.0,332.5,331.1,54.2,4,4,2022-04-22,13470,13470.0,2214.0
Noah Gray,TE,KC,23.0,2021.0,332.8,298.5,51.2,4,9,2022-04-22,19539,19539.0,7828.0
Ben Skowronek,WR,LAR,,,333.0,336.5,132.0,4,4,2022-04-22,22843,22843.0,7757.0
Travis Homer,RB,SEA,23.7,2019.0,333.1,333.8,113.4,4,4,2022-04-22,18616,18616.0,6012.0
Juwan Johnson,TE,NO,25.6,2020.0,333.2,320.9,54.9,4,6,2022-04-22,19562,19562.0,7002.0
Matt Breida,RB,NYG,27.1,2017.0,333.9,303.0,103.0,4,8,2022-04-22,17058,17058.0,4455.0
Cade Otton,TE,FA,,,334.0,304.2,55.7,4,8,2022-04-22,23181,,
Devontae Booker,RB,FA,29.9,2016.0,334.1,304.5,89.7,4,8,2022-04-22,15555,15555.0,3209.0
Shi Smith,WR,CAR,23.5,2021.0,334.2,321.9,146.8,4,5,2022-04-22,20127,20127.0,7603.0
Scotty Miller,WR,TB,24.7,2019.0,334.3,305.7,124.0,4,8,2022-04-22,18714,18714.0,6290.0
Ian Thomas,TE,CAR,25.9,2018.0,334.5,329.9,56.2,4,5,2022-04-22,17387,17387.0,4995.0
Mark Ingram II,RB,NO,32.3,2011.0,334.6,305.9,92.4,4,8,2022-04-22,9872,9872.0,956.0
Chris Conley,WR,HOU,29.5,2015.0,334.6,303.6,147.2,4,8,2022-04-22,14151,14151.0,2381.0
Carlos Hyde,RB,FA,,,334.9,299.6,115.2,4,9,2022-04-22,12105,12105.0,2257.0
Ameer Abdullah,RB,LV,28.9,2015.0,335.2,343.2,115.5,4,3,2022-04-22,13924,13924.0,2359.0
Jaquarii Roberson,WR,FA,,,335.2,304.2,147.8,4,8,2022-04-22,23818,,
John Ross,WR,NYG,,,335.4,315.5,148.0,4,6,2022-04-22,16388,16388.0,4038.0
Ty'Son Williams,RB,BAL,25.6,2020.0,335.9,307.4,104.1,4,8,2022-04-22,19636,19636.0,7098.0
James O'Shaughnessy,TE,CHI,,,336.1,309.5,57.8,4,7,2022-04-22,14146,14146.0,2476.0
Alex Collins,RB,SEA,27.7,2016.0,336.7,343.3,117.0,4,3,2022-04-22,15546,15546.0,3327.0
Maxx Williams,TE,ARI,,,337.1,319.4,58.8,4,6,2022-04-22,13919,13919.0,2360.0
Lynn Bowden Jr.,WR,MIA,24.5,2020.0,337.2,314.6,153.2,4,6,2022-04-22,19587,19587.0,6909.0
Kyle Rudolph,TE,FA,,,338.4,331.0,60.1,4,4,2022-04-22,9906,9906.0,943.0
Collin Johnson,WR,NYG,24.6,2020.0,338.8,321.5,151.4,4,5,2022-04-22,18289,18289.0,6857.0
Damiere Byrd,WR,ATL,,,339.4,244.0,152.0,4,34,2022-04-22,14222,14222.0,2673.0
Jerreth Sterns,WR,FA,,,339.4,308.4,152.0,4,7,2022-04-22,23844,,
Cole Turner,TE,FA,,,339.5,312.2,61.2,4,7,2022-04-22,23727,,
Miles Boykin,WR,PIT,25.5,2019.0,339.6,311.8,152.2,4,7,2022-04-22,18636,18636.0,5965.0
Jalen Camp,WR,HOU,,,340.7,282.0,153.3,3,14,2022-04-22,23296,23296.0,7789.0
Andy Isabella,WR,ARI,25.4,2019.0,340.8,327.8,153.4,3,5,2022-04-22,18409,18409.0,5915.0
Albert Wilson,WR,MIA,,,340.8,309.8,153.4,3,7,2022-04-22,12338,12338.0,2025.0
Drew Lock,QB,SEA,25.4,2019.0,340.9,166.2,36.1,3,211,2022-04-22,18225,18225.0,5854.0
Will Dissly,TE,SEA,25.8,2018.0,341.3,306.8,49.1,3,8,2022-04-22,18049,18049.0,5010.0
Malcolm Brown,RB,MIA,,,341.3,287.0,115.1,3,12,2022-04-22,13953,13953.0,2588.0
Chris Herndon IV,TE,MIN,26.2,2018.0,341.5,337.9,63.2,3,4,2022-04-22,17536,17536.0,5009.0
Geoff Swaim,TE,TEN,,,341.6,335.8,63.3,3,4,2022-04-22,14164,14164.0,2545.0
Benny Snell Jr.,RB,PIT,,,341.9,290.3,98.2,3,11,2022-04-22,18609,18609.0,6156.0
John Brown,WR,FA,,,341.9,310.9,154.5,3,7,2022-04-22,12231,12231.0,2238.0
Greg Ward,WR,PHI,,,342.1,311.1,154.7,3,7,2022-04-22,17130,17130.0,6744.0
Noah Grey,TE,KC,,,342.3,329.0,64.0,3,5,2022-04-22,23534,,
Marquez Stevenson,WR,BUF,,,342.3,288.0,154.9,3,12,2022-04-22,20133,20133.0,7556.0
Corey Clement,RB,DAL,,,342.4,334.0,122.7,3,4,2022-04-22,16446,16446.0,4651.0
Jeremy McNichols,RB,FA,26.3,2017.0,342.6,334.2,122.9,3,4,2022-04-22,16445,16445.0,4219.0
Dante Pettis,WR,NYG,,,342.6,311.6,155.2,3,7,2022-04-22,17264,17264.0,4992.0
Lil'Jordan Humphrey,WR,NO,24.0,2019.0,342.6,311.6,155.2,3,7,2022-04-22,18590,18590.0,5938.0
Le'Veon Bell,RB,FA,,,342.7,345.0,123.0,3,3,2022-04-22,11645,11645.0,1408.0
Devin Asiasi,TE,NE,,,343.0,282.0,65.8,3,14,2022-04-22,19435,19435.0,6956.0
Gerrid Doaks,RB,MIA,,,343.1,313.0,123.4,3,7,2022-04-22,23286,23286.0,7539.0
Charlie Kolar,TE,FA,,,343.2,292.5,51.1,3,11,2022-04-22,22756,,
Mack Hollins,WR,LV,,,343.4,349.0,156.0,3,3,2022-04-22,16489,16489.0,4177.0
Jaelon Darden,WR,TB,23.3,2021.0,343.6,306.0,129.4,3,8,2022-04-22,22796,22796.0,7713.0
Josh Oliver,TE,BAL,25.1,2019.0,343.7,341.0,65.4,3,3,2022-04-22,18487,18487.0,5973.0
Tevin Coleman,RB,NYJ,29.0,2015.0,344.0,309.2,97.4,3,7,2022-04-22,13926,13926.0,2378.0
Charlie Woerner,TE,SF,,,344.3,338.5,66.0,3,4,2022-04-22,19665,19665.0,7075.0
Teddy Bridgewater,QB,MIA,29.5,2014.0,344.4,188.3,38.8,3,126,2022-04-22,12088,12088.0,2152.0
John Bates,TE,WAS,,,344.5,302.0,48.3,3,9,2022-04-22,22833,22833.0,7716.0
Taysom Hill,QB,NO,31.7,2017.0,345.0,198.5,39.4,3,99,2022-04-22,17115,17115.0,4381.0
Adam Humphries,WR,WAS,28.8,2015.0,345.3,314.3,157.9,3,7,2022-04-22,14498,14498.0,2822.0
Seth Williams,WR,DEN,,,345.4,325.5,158.0,3,5,2022-04-22,20118,20118.0,7534.0
Jordan Howard,RB,PHI,27.5,2016.0,345.6,311.5,100.2,3,7,2022-04-22,15585,15585.0,3306.0
Anthony McFarland Jr.,RB,PIT,23.1,2020.0,345.6,316.2,108.8,3,6,2022-04-22,19366,19366.0,6878.0
Devonta Freeman,RB,BAL,30.1,2014.0,345.7,312.4,98.4,3,7,2022-04-22,12108,12108.0,2168.0
Jake Funk,RB,LAR,24.3,2021.0,345.8,337.4,126.1,3,4,2022-04-22,23190,23190.0,7771.0
Anthony Firkser,TE,ATL,27.2,2018.0,345.9,314.7,52.2,3,6,2022-04-22,16787,16787.0,4435.0
Jimmy Graham,TE,CHI,,,345.9,321.3,67.6,3,6,2022-04-22,9712,9712.0,616.0
Jordan Akins,TE,NYG,,,346.0,321.0,67.7,3,6,2022-04-22,17415,17415.0,5032.0
Simi Fehoko,WR,DAL,,,346.2,276.0,158.8,3,16,2022-04-22,23196,23196.0,7812.0
Gardner Minshew II,QB,PHI,25.9,2019.0,346.6,199.0,41.0,3,98,2022-04-22,18562,18562.0,6011.0
Kyle Juszczyk,RB,SF,,,346.7,338.3,127.0,3,4,2022-04-22,11798,11798.0,1379.0
Jacob Hollister,TE,LV,28.4,2017.0,347.0,341.2,68.7,3,3,2022-04-22,16527,16527.0,4421.0
Drew Sample,TE,CIN,26.0,2019.0,347.4,315.8,59.7,3,6,2022-04-22,18561,18561.0,6001.0
Trent Sherfield,WR,MIA,26.2,2018.0,347.4,316.4,160.0,3,6,2022-04-22,17888,17888.0,5154.0
Travis Fulgham,WR,DEN,,,347.7,314.5,160.3,3,6,2022-04-22,18470,18470.0,6059.0
Tajae Sharpe,WR,ATL,,,347.7,316.7,160.3,3,6,2022-04-22,15587,15587.0,3297.0
La'Mical Perine,RB,NYJ,24.2,2020.0,347.8,317.5,112.0,3,6,2022-04-22,19333,19333.0,6908.0
Dalton Keene,TE,NE,,,347.9,342.1,69.6,3,3,2022-04-22,19563,19563.0,7082.0
Dazz Newsome,WR,CHI,,,348.0,335.0,160.6,3,4,2022-04-22,20122,20122.0,7586.0
Nick Westbrook-Ikhine,WR,TEN,25.1,2020.0,348.3,308.1,130.2,3,8,2022-04-22,19747,19747.0,7496.0
Nick Vannett,TE,NO,,,348.3,342.5,70.0,3,3,2022-04-22,15645,15645.0,3258.0
Tre' McKitty,TE,LAC,23.3,2021.0,348.5,309.5,49.6,3,7,2022-04-22,22807,22807.0,7554.0
Tyler Huntley,QB,BAL,24.2,2020.0,348.5,183.9,41.7,3,139,2022-04-22,19297,19297.0,7083.0
Taylor Heinicke,QB,WAS,29.1,2015.0,348.7,218.1,44.4,3,62,2022-04-22,13932,13932.0,2711.0
Randall Cobb,WR,GB,31.7,2011.0,348.8,314.7,130.0,3,6,2022-04-22,9902,9902.0,928.0
Carson Strong,QB,FA,,,348.9,148.3,43.3,3,322,2022-04-22,23042,,
Peyton Barber,RB,LV,,,349.0,302.7,114.5,3,9,2022-04-22,15920,15920.0,3594.0
J.J. Taylor,RB,NE,24.3,2020.0,349.0,340.8,123.0,3,3,2022-04-22,19438,19438.0,6973.0
Jonathan Williams,RB,WAS,,,349.0,340.6,129.3,3,4,2022-04-22,15611,15611.0,3312.0
Josiah Deguara,TE,GB,,,349.3,299.5,47.7,3,9,2022-04-22,19456,19456.0,7050.0
Jace Sternberger,TE,PIT,,,349.7,290.5,71.4,3,11,2022-04-22,18614,18614.0,6139.0
MyCole Pruitt,TE,TEN,,,349.8,327.0,71.5,3,5,2022-04-22,13964,13964.0,2446.0
Hunter Bryant,TE,DET,23.7,2020.0,350.4,317.2,72.1,3,6,2022-04-22,19242,19242.0,6846.0
Ty Montgomery,RB,NE,,,350.4,342.0,130.7,3,3,2022-04-22,13977,13977.0,2399.0
Kaden Smith,TE,FA,,,350.5,334.0,72.2,3,4,2022-04-22,18293,18293.0,6146.0
Tyree Jackson,TE,PHI,25.2,2019.0,350.6,298.0,72.3,3,10,2022-04-22,18591,18591.0,6040.0
Jalen Richard,RB,FA,,,350.7,342.3,131.0,3,3,2022-04-22,16120,16120.0,3868.0
Adrian Peterson,RB,SEA,,,350.7,342.3,131.0,3,3,2022-04-22,9006,9006.0,184.0
Colby Parkinson,TE,SEA,,,350.8,345.0,72.5,3,3,2022-04-22,19372,19372.0,6865.0
Tyron Johnson,WR,LV,,,351.2,329.5,163.8,3,5,2022-04-22,18804,18804.0,6063.0
Trayveon Williams,RB,CIN,24.5,2019.0,351.2,295.4,131.5,3,10,2022-04-22,18607,18607.0,6144.0
Jeff Smith,WR,NYJ,,,351.4,320.4,164.0,3,6,2022-04-22,18791,18791.0,6557.0
Kellen Mond,QB,MIN,22.8,2021.0,351.9,212.6,46.3,3,71,2022-04-22,19383,19383.0,7581.0
Marcus Johnson,WR,SF,,,351.9,320.9,164.5,3,6,2022-04-22,15814,15814.0,3445.0
Tyrod Taylor,QB,NYG,32.7,2011.0,352.1,235.8,46.5,3,41,2022-04-22,10007,10007.0,827.0
Stephen Anderson,TE,ARI,,,352.1,343.0,73.8,3,3,2022-04-22,15760,15760.0,3496.0
DaeSean Hamilton,WR,HOU,,,352.1,339.0,164.7,3,4,2022-04-22,17470,17470.0,4998.0
Kyle Trask,QB,TB,24.1,2021.0,352.2,221.0,46.6,3,58,2022-04-22,19800,19800.0,7605.0
Cam Newton,QB,FA,32.9,2011.0,352.3,268.6,46.7,3,19,2022-04-22,9869,9869.0,954.0
Hakeem Butler,WR,FA,,,352.4,321.4,165.0,3,6,2022-04-22,18229,18229.0,5886.0
Elijhaa Penny,RB,NYG,,,352.7,344.3,133.0,3,3,2022-04-22,16267,16267.0,3803.0
Dede Westbrook,WR,MIN,,,352.8,311.0,165.4,3,7,2022-04-22,16436,16436.0,4146.0
Ryan Fitzpatrick,QB,WAS,39.4,2005.0,352.9,291.8,47.3,3,11,2022-04-22,9545,9545.0,333.0
Bailey Zappe,QB,FA,,,353.1,187.5,47.5,3,128,2022-04-22,24027,,
Josh Gordon,WR,KC,31.0,2012.0,353.1,244.2,165.7,3,34,2022-04-22,11440,11440.0,1244.0
Frank Darby,WR,ATL,,,353.4,322.4,166.0,3,5,2022-04-22,22882,22882.0,7530.0
Mason Rudolph,QB,PIT,26.8,2018.0,353.7,264.4,48.1,3,21,2022-04-22,17234,17234.0,4972.0
Andy Dalton,QB,NO,,,353.8,267.3,48.2,3,20,2022-04-22,9907,9907.0,829.0
Jacoby Brissett,QB,CLE,29.4,2016.0,354.2,241.2,48.6,3,36,2022-04-22,15642,15642.0,3257.0
James Proche II,WR,BAL,,,354.2,323.2,166.8,3,5,2022-04-22,19359,19359.0,6957.0
Jason Huntley,RB,PHI,,,354.7,346.3,135.0,3,3,2022-04-22,19655,19655.0,7107.0
Jordan Wilkins,RB,TEN,27.8,2018.0,354.9,346.5,135.2,3,3,2022-04-22,17497,17497.0,5100.0
Brian Hill,RB,SF,,,355.0,346.6,135.3,3,3,2022-04-22,16448,16448.0,4187.0
Jaylen Samuels,RB,ARI,,,355.3,302.5,135.6,2,9,2022-04-22,17271,17271.0,5107.0
Kahale Warring,TE,JAC,25.1,2019.0,355.3,349.5,77.0,2,3,2022-04-22,18680,18680.0,6164.0
Tyler Kroft,TE,NYJ,,,355.3,295.0,77.0,2,10,2022-04-22,13960,13960.0,2390.0
Juwann Winfree,WR,GB,25.6,2019.0,355.4,324.4,168.0,2,5,2022-04-22,18699,18699.0,6223.0
Kerryon Johnson,RB,FA,,,355.5,316.0,135.8,2,6,2022-04-22,17247,17247.0,5068.0
Zach Gentry,TE,PIT,,,355.8,342.0,77.5,2,3,2022-04-22,18690,18690.0,6018.0
Mike White,QB,NYJ,27.1,2018.0,356.0,299.6,50.4,2,9,2022-04-22,17447,17447.0,5089.0
Pharaoh Brown,TE,HOU,,,356.0,350.2,77.7,2,3,2022-04-22,16937,16937.0,4443.0
Ryan Griffin,TE,CHI,,,356.3,350.5,78.0,2,3,2022-04-22,11830,11830.0,1425.0
Adam Shaheen,TE,MIA,,,356.5,350.7,78.2,2,3,2022-04-22,16457,16457.0,4085.0
Sam Ehlinger,QB,IND,23.6,2021.0,357.4,324.4,51.8,2,5,2022-04-22,19803,19803.0,7583.0
Gary Brightwell,RB,NYG,,,357.5,349.1,137.8,2,3,2022-04-22,23293,23293.0,7529.0
Trevor Siemian,QB,CHI,,,357.6,268.0,52.0,2,19,2022-04-22,14142,14142.0,2549.0
Wendell Smallwood,RB,FA,,,358.2,349.8,138.5,2,3,2022-04-22,15672,15672.0,3309.0
Justice Hill,RB,BAL,24.4,2019.0,358.4,330.8,138.7,2,4,2022-04-22,18256,18256.0,5995.0
Richie James Jr.,WR,NYG,,,358.4,327.4,171.0,2,5,2022-04-22,17303,17303.0,5137.0
Cornell Powell,WR,KC,,,358.5,283.0,171.1,2,14,2022-04-22,22811,22811.0,7541.0
Colt McCoy,QB,ARI,,,358.6,290.0,53.0,2,12,2022-04-22,9702,9702.0,533.0
Devine Ozigbo,RB,NE,25.6,2019.0,358.7,350.3,139.0,2,3,2022-04-22,18630,18630.0,6068.0
Patrick Laird,RB,MIA,,,358.7,350.3,139.0,2,3,2022-04-22,18332,18332.0,6311.0
Chester Rogers,WR,TEN,,,358.7,313.0,171.3,2,7,2022-04-22,16038,16038.0,3582.0
Steven Sims Jr.,WR,PIT,,,358.8,292.0,171.4,2,11,2022-04-22,18962,18962.0,6402.0
Jeremy Sprinkle,TE,DAL,,,359.3,353.5,81.0,2,3,2022-04-22,16461,16461.0,4221.0
Case Keenum,QB,BUF,,,359.4,341.5,53.8,2,3,2022-04-22,11425,11425.0,1737.0
Chris Moore,WR,HOU,,,359.4,328.4,172.0,2,5,2022-04-22,15654,15654.0,3269.0
Phillip Dorsett II,WR,HOU,,,359.9,328.9,172.5,2,5,2022-04-22,13979,13979.0,2334.0
Nick Foles,QB,CHI,,,360.5,305.0,54.9,2,8,2022-04-22,11176,11176.0,1029.0
Darwin Thompson,RB,SEA,,,360.5,352.1,140.8,2,3,2022-04-22,18620,18620.0,6178.0
Marcedes Lewis,TE,GB,,,360.6,354.8,82.3,2,3,2022-04-22,9413,9413.0,111.0
Todd Gurley II,RB,FA,,,360.7,352.3,141.0,2,3,2022-04-22,13912,13912.0,2315.0
Dwayne Haskins,QB,FA,24.8,2019.0,361.1,343.2,55.5,2,3,2022-04-22,18214,18214.0,5845.0
Jacob Eason,QB,SEA,24.4,2020.0,361.2,345.8,55.6,2,3,2022-04-22,19220,19220.0,6823.0
Kenny Stills,WR,NO,,,361.4,330.4,174.0,2,4,2022-04-22,11611,11611.0,1555.0
Kelvin Harmon,WR,WAS,25.3,2019.0,361.4,330.4,174.0,2,4,2022-04-22,18228,18228.0,5884.0
Tommy Sweeney,TE,BUF,,,361.8,356.0,83.5,2,2,2022-04-22,18325,18325.0,6137.0
Racey McMath,WR,TEN,,,361.9,330.9,174.5,2,4,2022-04-22,23270,23270.0,7793.0
David Moore,WR,CHI,27.3,2017.0,362.0,331.0,174.6,2,4,2022-04-22,16757,16757.0,4274.0
Kyle Allen,QB,HOU,,,362.3,302.0,56.7,2,9,2022-04-22,17869,17869.0,5127.0
Tyler Davis,TE,GB,,,362.3,356.5,84.0,2,2,2022-04-22,19811,19811.0,7131.0
Antonio Gandy-Golden,WR,WAS,,,362.3,306.0,174.9,2,8,2022-04-22,19338,19338.0,6906.0
Mohamed Sanu Sr.,WR,SF,,,362.4,331.4,175.0,2,4,2022-04-22,11200,11200.0,1071.0
Ito Smith,RB,FA,,,362.5,354.1,142.8,2,3,2022-04-22,17249,17249.0,5004.0
P.J. Walker,QB,CAR,,,362.7,338.0,57.1,2,4,2022-04-22,16841,16841.0,4335.0
Bisi Johnson,WR,MIN,25.1,2019.0,363.4,319.6,176.0,2,6,2022-04-22,18713,18713.0,6088.0
Brandon Allen,QB,CIN,,,364.3,346.4,58.7,2,3,2022-04-22,15745,15745.0,3357.0
Jaeden Graham,TE,FA,,,364.3,358.5,86.0,2,2,2022-04-22,18135,18135.0,5754.0
Chad Henne,QB,KC,,,364.6,278.0,59.0,2,15,2022-04-22,9101,9101.0,89.0
John Wolford,QB,LAR,,,364.9,347.0,59.3,2,3,2022-04-22,18185,18185.0,5806.0
Ross Dwelley,TE,SF,,,365.0,359.2,86.7,2,2,2022-04-22,17886,17886.0,5285.0
Ryquell Armstead,RB,JAC,,,365.2,356.8,145.5,2,2,2022-04-22,18521,18521.0,6007.0
Reggie Bonnafon,RB,WAS,,,365.4,357.0,145.7,2,2,2022-04-22,17867,17867.0,5162.0
Pooka Williams Jr.,RB,CIN,,,365.9,357.5,146.2,2,2,2022-04-22,20090,20090.0,7560.0
Jesse James,TE,CHI,,,366.3,360.5,88.0,2,2,2022-04-22,13959,13959.0,2463.0
Jakeem Grant Sr.,WR,CLE,,,366.4,335.4,179.0,2,4,2022-04-22,15680,15680.0,3342.0
Danny Amendola,WR,HOU,,,366.6,335.6,179.2,2,4,2022-04-22,9146,9146.0,491.0
Luke Farrell,TE,JAC,,,366.8,361.0,88.5,2,2,2022-04-22,19501,19501.0,7842.0
Richard Rodgers,TE,PHI,,,366.8,361.0,88.5,2,2,2022-04-22,12233,12233.0,2146.0
Nick Mullens,QB,LV,,,367.2,349.3,61.6,2,3,2022-04-22,16726,16726.0,4464.0
Ian Book,QB,NO,,,367.9,333.0,62.3,2,4,2022-04-22,20159,20159.0,7589.0
J.J. Arcega-Whiteside,WR,PHI,,,368.0,310.0,180.6,2,7,2022-04-22,18235,18235.0,5863.0
C.J. Beathard,QB,JAC,,,368.3,350.4,62.7,2,3,2022-04-22,16419,16419.0,4127.0
Tyler Eifert,TE,FA,,,368.3,362.5,90.0,2,2,2022-04-22,11692,11692.0,1388.0
Jarrett Stidham,QB,NE,,,368.4,350.5,62.8,2,3,2022-04-22,18604,18604.0,6136.0
Mike Thomas,WR,CIN,,,369.7,338.7,182.3,2,4,2022-04-22,15914,15914.0,3652.0
KeeSean Johnson,WR,SF,,,369.8,338.8,182.4,2,4,2022-04-22,18618,18618.0,5962.0
Joe Flacco,QB,NYJ,,,369.9,352.0,64.3,2,3,2022-04-22,9300,9300.0,19.0
Thaddeus Moss,TE,CIN,,,369.9,364.1,91.6,2,2,2022-04-22,19622,19622.0,6919.0
Justin Watson,WR,KC,,,369.9,338.9,182.5,2,4,2022-04-22,17603,17603.0,5374.0
Demetrius Harris,TE,ARI,,,370.1,364.3,91.8,2,2,2022-04-22,11881,11881.0,1619.0
Darren Fells,TE,FA,,,370.6,364.8,92.3,2,2,2022-04-22,13636,13636.0,1592.0
Josh Adams,RB,NO,25.5,2018.0,372.0,363.6,152.3,2,2,2022-04-22,17248,17248.0,5136.0
Mike Glennon,QB,NYG,,,372.6,354.7,67.0,2,3,2022-04-22,11685,11685.0,1559.0
Bo Scarbrough,RB,FA,,,372.7,364.3,153.0,2,2,2022-04-22,17299,17299.0,5112.0
Damarea Crockett,RB,DEN,24.3,2019.0,372.7,364.3,153.0,2,2,2022-04-22,18617,18617.0,6334.0
Stephen Sullivan,TE,CAR,,,372.8,367.0,94.5,2,2,2022-04-22,19641,19641.0,6970.0
Nick Boyle,TE,BAL,,,373.3,367.5,95.0,2,2,2022-04-22,13963,13963.0,2474.0
Josh Rosen,QB,FA,,,373.8,355.9,68.2,2,2,2022-04-22,17235,17235.0,4863.0
Raymond Calais,RB,LAR,,,374.2,365.8,154.5,2,2,2022-04-22,19613,19613.0,6988.0
Dwayne Washington,RB,NO,,,374.2,365.8,154.5,2,2,2022-04-22,15850,15850.0,3391.0
Chad Hansen,WR,ATL,,,375.1,344.1,187.7,2,3,2022-04-22,16430,16430.0,4175.0
Noah Brown,WR,DAL,,,375.4,344.4,188.0,2,3,2022-04-22,16443,16443.0,4234.0
Jake Fromm,QB,NYG,,,375.6,357.7,70.0,2,2,2022-04-22,19243,19243.0,6822.0
Marquise Goodwin,WR,CHI,,,375.9,344.9,188.5,2,3,2022-04-22,11599,11599.0,1346.0
Jordan Thomas,TE,FA,,,376.3,370.5,98.0,2,2,2022-04-22,17399,17399.0,5117.0
Dexter Williams,RB,CLE,,,376.7,368.3,157.0,2,2,2022-04-22,18460,18460.0,6153.0
Jake Kumerow,WR,BUF,,,377.4,346.4,190.0,1,3,2022-04-22,14083,14083.0,2821.0
Troy Fumagalli,TE,NE,,,377.6,371.8,99.3,1,2,2022-04-22,17273,17273.0,5092.0
Isaac Nauta,TE,FA,,,378.8,373.0,100.5,1,2,2022-04-22,18601,18601.0,5957.0
Kevin White,WR,NO,,,380.4,349.4,193.0,1,3,2022-04-22,13899,13899.0,2312.0
Brett Rypien,QB,DEN,,,380.6,362.7,75.0,1,2,2022-04-22,18323,18323.0,6037.0
John Hightower,WR,PHI,,,381.0,318.0,193.6,1,6,2022-04-22,19329,19329.0,7086.0
Trent Taylor,WR,CIN,,,382.4,351.4,195.0,1,3,2022-04-22,16505,16505.0,4218.0
Rakeem Boyd,RB,FA,,,382.7,374.3,163.0,1,2,2022-04-22,20096,20096.0,7532.0
Trey Burton,TE,FA,,,383.3,377.5,105.0,1,1,2022-04-22,12153,12153.0,1793.0
Jalen Hurd,WR,FA,,,383.4,352.4,196.0,1,3,2022-04-22,18318,18318.0,5911.0
Elijah McGuire,RB,FA,,,384.2,375.8,164.5,1,2,2022-04-22,16454,16454.0,4263.0
Willie Snead IV,WR,FA,,,384.9,353.9,197.5,1,3,2022-04-22,12904,12904.0,1911.0
David Blough,QB,DET,,,385.6,367.7,80.0,1,2,2022-04-22,18756,18756.0,6450.0
Will Grier,QB,DAL,,,385.6,367.7,80.0,1,2,2022-04-22,18241,18241.0,5903.0
Michael Warren II,RB,DET,,,386.2,377.8,166.5,1,1,2022-04-22,19399,19399.0,6992.0
Sage Surratt,WR,FA,,,386.7,355.7,199.3,1,2,2022-04-22,20120,20120.0,7576.0
Chris Thompson,RB,FA,,,387.2,378.8,167.5,1,1,2022-04-22,11651,11651.0,1502.0
Dezmon Patmon,WR,IND,,,387.4,356.4,200.0,1,2,2022-04-22,19736,19736.0,6985.0
Trevon Wesco,TE,NYJ,,,387.8,382.0,109.5,1,1,2022-04-22,18567,18567.0,6181.0
Robert Foster,WR,NYG,,,388.4,357.4,201.0,1,2,2022-04-22,17458,17458.0,5250.0
Blake Bortles,QB,FA,,,388.6,370.7,83.0,1,2,2022-04-22,12090,12090.0,1979.0
Deon Cain,WR,PHI,,,389.4,358.4,202.0,1,2,2022-04-22,17263,17263.0,5101.0
Cade Johnson,WR,SEA,,,392.4,361.4,205.0,1,2,2022-04-22,22808,22808.0,7956.0
Isaiah Coulter,WR,CHI,,,392.9,361.9,205.5,1,2,2022-04-22,19771,19771.0,7085.0
Tyrie Cleveland,WR,DEN,,,392.9,361.9,205.5,1,2,2022-04-22,19674,19674.0,7032.0
Alize Mack,TE,GB,,,393.3,387.5,115.0,1,1,2022-04-22,18596,18596.0,5975.0
Mike Weber,RB,NYG,,,393.7,385.3,174.0,1,1,2022-04-22,18619,18619.0,6159.0
Trinity Benson,WR,DET,,,394.9,363.9,207.5,1,2,2022-04-22,18815,18815.0,6395.0
Allen Hurns,WR,FA,,,397.1,366.1,209.7,1,2,2022-04-22,12996,12996.0,1984.0
Joe Reed,WR,LAC,24.3,2020.0,397.6,366.6,210.2,1,2,2022-04-22,19468,19468.0,6913.0
Antonio Callaway,WR,FA,,,398.4,367.4,211.0,1,2,2022-04-22,17286,17286.0,5310.0
Geronimo Allison,WR,FA,,,399.9,368.9,212.5,1,2,2022-04-22,15853,15853.0,3503.0
Tavon Austin,WR,JAC,,,401.4,370.4,214.0,1,2,2022-04-22,11625,11625.0,1567.0
Levine Toilolo,TE,FA,,,402.8,397.0,124.5,1,1,2022-04-22,11694,11694.0,1642.0
Vyncint Smith,WR,TB,,,402.9,371.9,215.5,1,2,2022-04-22,17714,17714.0,5260.0
Stanley Morgan Jr.,WR,CIN,,,408.4,377.4,221.0,1,1,2022-04-22,18624,18624.0,6069.0
Isaiah Hodgins,WR,BUF,,,409.4,378.4,222.0,1,1,2022-04-22,19375,19375.0,6920.0
Tre Nixon,WR,NE,,,415.9,384.9,228.5,1,1,2022-04-22,23305,23305.0,7546.0
Josh Imatorbhebhe,WR,FA,,,416.9,385.9,229.5,1,1,2022-04-22,20128,20128.0,8008.0
Daurice Fountain,WR,KC,,,418.4,387.4,231.0,1,1,2022-04-22,17519,17519.0,5102.0
Travis Benjamin,WR,SF,,,420.4,389.4,233.0,1,1,2022-04-22,11214,11214.0,1077.0
Trey Quinn,WR,FA,,,420.9,389.9,233.5,1,1,2022-04-22,17266,17266.0,5139.0
David Sills V,WR,NYG,,,422.9,391.9,235.5,1,1,2022-04-22,18566,18566.0,6154.0
Kawaan Baker,WR,NO,,,427.4,396.4,240.0,0,1,2022-04-22,23313,23313.0,7752.0
Jordan Matthews,WR,SF,,,429.9,398.9,242.5,0,1,2022-04-22,12124,12124.0,1800.0
Riley Ridley,WR,FA,,,431.4,400.4,244.0,0,1,2022-04-22,18264,18264.0,5873.0
J.J. Nelson,WR,IND,,,433.4,402.4,246.0,0,1,2022-04-22,14234,14234.0,2462.0
Ryan Switzer,WR,CLE,,,437.4,406.4,250.0,0,1,2022-04-22,16631,16631.0,4162.0
Andre Roberts,WR,LAC,,,439.4,408.4,252.0,0,1,2022-04-22,9696,9696.0,627.0
Amara Darboh,WR,DEN,,,441.4,410.4,254.0,0,1,2022-04-22,16435,16435.0,4139.0
Terry Godwin,WR,JAC,,,445.4,414.4,258.0,0,1,2022-04-22,18370,18370.0,5977.0
John Ursua,WR,SEA,,,446.9,415.9,259.5,0,1,2022-04-22,18719,18719.0,6168.0
